Global_Energy_Scenario_Modeling_Data,,,,,,,,,
Global_Energy_Scenario_Modeling_Data,,,,,,,,,
Region,Scenario,Variable,Year,scengroup,IMACLIM,IMAGE,WITCH,maxwacc,minwacc
Transition countries,CoC-reference,Onshore,2020,NDC,0.087348147,0.089386672,0.089007476,0.089386672,0.087348147
Transition countries,CoC-reference,Onshore,2025,NDC,0.083873878,0.087588935,0.085189384,0.087588935,0.083873878
Transition countries,CoC-reference,Onshore,2030,NDC,0.081114631,0.086610565,0.085171293,0.086610565,0.081114631
Transition countries,CoC-reference,Onshore,2035,NDC,0.079095487,0.085954868,0.085155884,0.085954868,0.079095487
Transition countries,CoC-reference,Onshore,2040,NDC,0.077630669,0.085302764,0.084856272,0.085302764,0.077630669
Transition countries,CoC-reference,Onshore,2045,NDC,0.076299395,0.084164687,0.083984677,0.084164687,0.076299395
Transition countries,CoC-reference,Onshore,2050,NDC,0.0750772,0.080031529,0.083185401,0.083185401,0.0750772
Transition countries,CoC-reference,Onshore,2055,NDC,0.074035088,0.075854497,0.082482236,0.082482236,0.074035088
Transition countries,CoC-reference,Onshore,2060,NDC,0.073176213,0.074150527,0.081855432,0.081855432,0.073176213
Transition countries,CoC-reference,Onshore,2065,NDC,0.072399572,0.073727785,0.081290825,0.081290825,0.072399572
Transition countries,CoC-reference,Onshore,2070,NDC,0.071691394,0.072851459,0.080778033,0.080778033,0.071691394
Transition countries,CoC-reference,Onshore,2075,NDC,0.071023217,0.071082099,0.080308383,0.080308383,0.071023217
Transition countries,CoC-reference,Onshore,2080,NDC,0.070409814,0.070108612,0.079875624,0.079875624,0.070108612
Transition countries,CoC-reference,Onshore,2085,NDC,0.069852948,0.06930465,0.079474766,0.079474766,0.06930465
Transition countries,CoC-reference,Onshore,2090,NDC,0.069328316,0.068531588,0.079101597,0.079101597,0.068531588
Transition countries,CoC-reference,Onshore,2095,NDC,0.068833683,0.067846721,0.078752755,0.078752755,0.067846721
Transition countries,CoC-reference,Onshore,2100,NDC,0.068378129,0.067287486,0.078426875,0.078426875,0.067287486
Transition countries,CoC-reference,Offshore,2020,NDC,0.088892487,0.094003528,0.093350247,0.094003528,0.088892487
Transition countries,CoC-reference,Offshore,2025,NDC,0.081024755,0.093261901,0.075135579,0.093261901,0.075135579
Transition countries,CoC-reference,Offshore,2030,NDC,0.074592307,0.090289602,0.065856338,0.090289602,0.065856338
Transition countries,CoC-reference,Offshore,2035,NDC,0.070819179,0.087270648,0.06286317,0.087270648,0.06286317
Transition countries,CoC-reference,Offshore,2040,NDC,0.068846805,0.084893983,0.061088193,0.084893983,0.061088193
Transition countries,CoC-reference,Offshore,2045,NDC,0.067334984,0.082664913,0.058762011,0.082664913,0.058762011
Transition countries,CoC-reference,Offshore,2050,NDC,0.065938244,0.081082481,0.056160945,0.081082481,0.056160945
Transition countries,CoC-reference,Offshore,2055,NDC,0.064774742,0.079655089,0.054136944,0.079655089,0.054136944
Transition countries,CoC-reference,Offshore,2060,NDC,0.063857941,0.078243534,0.052700105,0.078243534,0.052700105
Transition countries,CoC-reference,Offshore,2065,NDC,0.063075914,0.077053295,0.051336035,0.077053295,0.051336035
Transition countries,CoC-reference,Offshore,2070,NDC,0.062358968,0.075970892,0.05006142,0.075970892,0.05006142
Transition countries,CoC-reference,Offshore,2075,NDC,0.061688867,0.075057833,0.048990951,0.075057833,0.048990951
Transition countries,CoC-reference,Offshore,2080,NDC,0.061086695,0.074270779,0.048137175,0.074270779,0.048137175
Transition countries,CoC-reference,Offshore,2085,NDC,0.060548213,0.073565789,0.047367815,0.073565789,0.047367815
Transition countries,CoC-reference,Offshore,2090,NDC,0.06004512,0.072816928,0.04667398,0.072816928,0.04667398
Transition countries,CoC-reference,Offshore,2095,NDC,0.059574874,0.072115431,0.046082017,0.072115431,0.046082017
Transition countries,CoC-reference,Offshore,2100,NDC,0.059141166,0.071589385,0.045530766,0.071589385,0.045530766
Transition countries,CoC-reference,Nuclear,2020,NDC,0.070717267,0.077093314,0.076665217,0.077093314,0.070717267
Transition countries,CoC-reference,Nuclear,2025,NDC,0.070717267,0.077093314,0.076665217,0.077093314,0.070717267
Transition countries,CoC-reference,Nuclear,2030,NDC,0.070717267,0.077093314,0.076665217,0.077093314,0.070717267
Transition countries,CoC-reference,Nuclear,2035,NDC,0.070717267,0.077093314,0.076665217,0.077093314,0.070717267
Transition countries,CoC-reference,Nuclear,2040,NDC,0.070717267,0.077093314,0.076665217,0.077093314,0.070717267
Transition countries,CoC-reference,Nuclear,2045,NDC,0.070717267,0.077093314,0.076665217,0.077093314,0.070717267
Transition countries,CoC-reference,Nuclear,2050,NDC,0.070717267,0.077093314,0.076665217,0.077093314,0.070717267
Transition countries,CoC-reference,Nuclear,2055,NDC,0.070717267,0.077093314,0.076665217,0.077093314,0.070717267
Transition countries,CoC-reference,Nuclear,2060,NDC,0.070717267,0.077093314,0.076665217,0.077093314,0.070717267
Transition countries,CoC-reference,Nuclear,2065,NDC,0.070717267,0.077093314,0.076665217,0.077093314,0.070717267
Transition countries,CoC-reference,Nuclear,2070,NDC,0.070717267,0.077093314,0.076665217,0.077093314,0.070717267
Transition countries,CoC-reference,Nuclear,2075,NDC,0.070717267,0.077093314,0.076665217,0.077093314,0.070717267
Transition countries,CoC-reference,Nuclear,2080,NDC,0.070717267,0.077093314,0.076665217,0.077093314,0.070717267
Transition countries,CoC-reference,Nuclear,2085,NDC,0.070717267,0.077093314,0.076665217,0.077093314,0.070717267
Transition countries,CoC-reference,Nuclear,2090,NDC,0.070717267,0.077093314,0.076665217,0.077093314,0.070717267
Transition countries,CoC-reference,Nuclear,2095,NDC,0.070717267,0.077093314,0.076665217,0.077093314,0.070717267
Transition countries,CoC-reference,Nuclear,2100,NDC,0.070717267,0.077093314,0.076665217,0.077093314,0.070717267
Transition countries,CoC-reference,CCS,2020,NDC,0.073881952,0.080437935,0.080119917,0.080437935,0.073881952
Transition countries,CoC-reference,CCS,2025,NDC,0.073859104,0.080040302,0.080119917,0.080119917,0.073859104
Transition countries,CoC-reference,CCS,2030,NDC,0.073809411,0.079406759,0.080119917,0.080119917,0.073809411
Transition countries,CoC-reference,CCS,2035,NDC,0.073750025,0.078206749,0.080119917,0.080119917,0.073750025
Transition countries,CoC-reference,CCS,2040,NDC,0.073697485,0.076816551,0.080119917,0.080119917,0.073697485
Transition countries,CoC-reference,CCS,2045,NDC,0.073637792,0.07576622,0.080119917,0.080119917,0.073637792
Transition countries,CoC-reference,CCS,2050,NDC,0.073585251,0.075172939,0.080119917,0.080119917,0.073585251
Transition countries,CoC-reference,CCS,2055,NDC,0.073525866,0.074584658,0.080119917,0.080119917,0.073525866
Transition countries,CoC-reference,CCS,2060,NDC,0.073476173,0.074317554,0.080119917,0.080119917,0.073476173
Transition countries,CoC-reference,CCS,2065,NDC,0.073430477,0.074221474,0.080119917,0.080119917,0.073430477
Transition countries,CoC-reference,CCS,2070,NDC,0.073361092,0.074090918,0.080119917,0.080119917,0.073361092
Transition countries,CoC-reference,CCS,2075,NDC,0.073278551,0.073856767,0.080119917,0.080119917,0.073278551
Transition countries,CoC-reference,CCS,2080,NDC,0.073179473,0.073552951,0.080119917,0.080119917,0.073179473
Transition countries,CoC-reference,CCS,2085,NDC,0.073087239,0.073308848,0.080119917,0.080119917,0.073087239
Transition countries,CoC-reference,CCS,2090,NDC,0.072985006,0.073164455,0.080119917,0.080119917,0.072985006
Transition countries,CoC-reference,CCS,2095,NDC,0.072892772,0.073077999,0.080119917,0.080119917,0.072892772
Transition countries,CoC-reference,CCS,2100,NDC,0.072800539,0.073012262,0.080119917,0.080119917,0.072800539
Transition countries,CoC-reference,Coal,2020,NDC,0.073881952,0.080548019,0.080119917,0.080548019,0.073881952
Transition countries,CoC-reference,Coal,2025,NDC,0.073881952,0.080548019,0.080119917,0.080548019,0.073881952
Transition countries,CoC-reference,Coal,2030,NDC,0.073881952,0.080548019,0.080119917,0.080548019,0.073881952
Transition countries,CoC-reference,Coal,2035,NDC,0.073881952,0.080548019,0.080119917,0.080548019,0.073881952
Transition countries,CoC-reference,Coal,2040,NDC,0.073881952,0.080548019,0.080119917,0.080548019,0.073881952
Transition countries,CoC-reference,Coal,2045,NDC,0.073881952,0.080548019,0.080119917,0.080548019,0.073881952
Transition countries,CoC-reference,Coal,2050,NDC,0.073881952,0.080548019,0.080119917,0.080548019,0.073881952
Transition countries,CoC-reference,Coal,2055,NDC,0.073881952,0.080548019,0.080119917,0.080548019,0.073881952
Transition countries,CoC-reference,Coal,2060,NDC,0.073881952,0.080548019,0.080119917,0.080548019,0.073881952
Transition countries,CoC-reference,Coal,2065,NDC,0.073881952,0.080548019,0.080119917,0.080548019,0.073881952
Transition countries,CoC-reference,Coal,2070,NDC,0.073881952,0.080548019,0.080119917,0.080548019,0.073881952
Transition countries,CoC-reference,Coal,2075,NDC,0.073881952,0.080548019,0.080119917,0.080548019,0.073881952
Transition countries,CoC-reference,Coal,2080,NDC,0.073881952,0.080548019,0.080119917,0.080548019,0.073881952
Transition countries,CoC-reference,Coal,2085,NDC,0.073881952,0.080548019,0.080119917,0.080548019,0.073881952
Transition countries,CoC-reference,Coal,2090,NDC,0.073881952,0.080548019,0.080119917,0.080548019,0.073881952
Transition countries,CoC-reference,Coal,2095,NDC,0.073881952,0.080548019,0.080119917,0.080548019,0.073881952
Transition countries,CoC-reference,Coal,2100,NDC,0.073881952,0.080548019,0.080119917,0.080548019,0.073881952
Transition countries,CoC-reference,Gas,2020,NDC,0.051943555,0.058686015,0.058257917,0.058686015,0.051943555
Transition countries,CoC-reference,Gas,2025,NDC,0.051943555,0.058686015,0.058257917,0.058686015,0.051943555
Transition countries,CoC-reference,Gas,2030,NDC,0.051943555,0.058686015,0.058257917,0.058686015,0.051943555
Transition countries,CoC-reference,Gas,2035,NDC,0.051943555,0.058686015,0.058257917,0.058686015,0.051943555
Transition countries,CoC-reference,Gas,2040,NDC,0.051943555,0.058686015,0.058257917,0.058686015,0.051943555
Transition countries,CoC-reference,Gas,2045,NDC,0.051943555,0.058686015,0.058257917,0.058686015,0.051943555
Transition countries,CoC-reference,Gas,2050,NDC,0.051943555,0.058686015,0.058257917,0.058686015,0.051943555
Transition countries,CoC-reference,Gas,2055,NDC,0.051943555,0.058686015,0.058257917,0.058686015,0.051943555
Transition countries,CoC-reference,Gas,2060,NDC,0.051943555,0.058686015,0.058257917,0.058686015,0.051943555
Transition countries,CoC-reference,Gas,2065,NDC,0.051943555,0.058686015,0.058257917,0.058686015,0.051943555
Transition countries,CoC-reference,Gas,2070,NDC,0.051943555,0.058686015,0.058257917,0.058686015,0.051943555
Transition countries,CoC-reference,Gas,2075,NDC,0.051943555,0.058686015,0.058257917,0.058686015,0.051943555
Transition countries,CoC-reference,Gas,2080,NDC,0.051943555,0.058686015,0.058257917,0.058686015,0.051943555
Transition countries,CoC-reference,Gas,2085,NDC,0.051943555,0.058686015,0.058257917,0.058686015,0.051943555
Transition countries,CoC-reference,Gas,2090,NDC,0.051943555,0.058686015,0.058257917,0.058686015,0.051943555
Transition countries,CoC-reference,Gas,2095,NDC,0.051943555,0.058686015,0.058257917,0.058686015,0.051943555
Transition countries,CoC-reference,Gas,2100,NDC,0.051943555,0.058686015,0.058257917,0.058686015,0.051943555
Transition countries,CoC-reference,Solar,2020,NDC,0.08394192,0.085977941,0.086437041,0.086437041,0.08394192
Transition countries,CoC-reference,Solar,2025,NDC,0.078674387,0.084250234,0.084491821,0.084491821,0.078674387
Transition countries,CoC-reference,Solar,2030,NDC,0.076369013,0.083090278,0.083326033,0.083326033,0.076369013
Transition countries,CoC-reference,Solar,2035,NDC,0.075111285,0.081909549,0.080456064,0.081909549,0.075111285
Transition countries,CoC-reference,Solar,2040,NDC,0.073745093,0.079472532,0.073567457,0.079472532,0.073567457
Transition countries,CoC-reference,Solar,2045,NDC,0.072408593,0.076015612,0.067955913,0.076015612,0.067955913
Transition countries,CoC-reference,Solar,2050,NDC,0.071308714,0.071229236,0.065079414,0.071308714,0.065079414
Transition countries,CoC-reference,Solar,2055,NDC,0.070375843,0.067807851,0.063293347,0.070375843,0.063293347
Transition countries,CoC-reference,Solar,2060,NDC,0.069561435,0.066665326,0.061783831,0.069561435,0.061783831
Transition countries,CoC-reference,Solar,2065,NDC,0.068826106,0.066122238,0.060435813,0.068826106,0.060435813
Transition countries,CoC-reference,Solar,2070,NDC,0.06815555,0.065523434,0.059326783,0.06815555,0.059326783
Transition countries,CoC-reference,Solar,2075,NDC,0.06752184,0.064531923,0.058359781,0.06752184,0.058359781
Transition countries,CoC-reference,Solar,2080,NDC,0.066937515,0.06364116,0.057601368,0.066937515,0.057601368
Transition countries,CoC-reference,Solar,2085,NDC,0.066395423,0.063059729,0.056858474,0.066395423,0.056858474
Transition countries,CoC-reference,Solar,2090,NDC,0.065890176,0.062557673,0.056220686,0.065890176,0.056220686
Transition countries,CoC-reference,Solar,2095,NDC,0.065417163,0.06209989,0.055634498,0.065417163,0.055634498
Transition countries,CoC-reference,Solar,2100,NDC,0.064973843,0.061633594,0.055124126,0.064973843,0.055124126
Transition countries,CoC-reference,Hydro,2020,NDC,0.062733551,0.06921022,0.068782117,0.06921022,0.062733551
Transition countries,CoC-reference,Hydro,2025,NDC,0.062733551,0.06921022,0.068782117,0.06921022,0.062733551
Transition countries,CoC-reference,Hydro,2030,NDC,0.062733551,0.06921022,0.068782117,0.06921022,0.062733551
Transition countries,CoC-reference,Hydro,2035,NDC,0.062733551,0.06921022,0.068782117,0.06921022,0.062733551
Transition countries,CoC-reference,Hydro,2040,NDC,0.062733551,0.06921022,0.068782117,0.06921022,0.062733551
Transition countries,CoC-reference,Hydro,2045,NDC,0.062733551,0.06921022,0.068782117,0.06921022,0.062733551
Transition countries,CoC-reference,Hydro,2050,NDC,0.062733551,0.06921022,0.068782117,0.06921022,0.062733551
Transition countries,CoC-reference,Hydro,2055,NDC,0.062733551,0.06921022,0.068782117,0.06921022,0.062733551
Transition countries,CoC-reference,Hydro,2060,NDC,0.062733551,0.06921022,0.068782117,0.06921022,0.062733551
Transition countries,CoC-reference,Hydro,2065,NDC,0.062733551,0.06921022,0.068782117,0.06921022,0.062733551
Transition countries,CoC-reference,Hydro,2070,NDC,0.062733551,0.06921022,0.068782117,0.06921022,0.062733551
Transition countries,CoC-reference,Hydro,2075,NDC,0.062733551,0.06921022,0.068782117,0.06921022,0.062733551
Transition countries,CoC-reference,Hydro,2080,NDC,0.062733551,0.06921022,0.068782117,0.06921022,0.062733551
Transition countries,CoC-reference,Hydro,2085,NDC,0.062733551,0.06921022,0.068782117,0.06921022,0.062733551
Transition countries,CoC-reference,Hydro,2090,NDC,0.062733551,0.06921022,0.068782117,0.06921022,0.062733551
Transition countries,CoC-reference,Hydro,2095,NDC,0.062733551,0.06921022,0.068782117,0.06921022,0.062733551
Transition countries,CoC-reference,Hydro,2100,NDC,0.062733551,0.06921022,0.068782117,0.06921022,0.062733551
Transition countries,CoC-reference,Biomass,2020,NDC,0.073881952,0.080548019,0.080119917,0.080548019,0.073881952
Transition countries,CoC-reference,Biomass,2025,NDC,0.073881952,0.080548019,0.080119917,0.080548019,0.073881952
Transition countries,CoC-reference,Biomass,2030,NDC,0.073881952,0.080548019,0.080119917,0.080548019,0.073881952
Transition countries,CoC-reference,Biomass,2035,NDC,0.073881952,0.080548019,0.080119917,0.080548019,0.073881952
Transition countries,CoC-reference,Biomass,2040,NDC,0.073881952,0.080548019,0.080119917,0.080548019,0.073881952
Transition countries,CoC-reference,Biomass,2045,NDC,0.073881952,0.080548019,0.080119917,0.080548019,0.073881952
Transition countries,CoC-reference,Biomass,2050,NDC,0.073881952,0.080548019,0.080119917,0.080548019,0.073881952
Transition countries,CoC-reference,Biomass,2055,NDC,0.073881952,0.080548019,0.080119917,0.080548019,0.073881952
Transition countries,CoC-reference,Biomass,2060,NDC,0.073881952,0.080548019,0.080119917,0.080548019,0.073881952
Transition countries,CoC-reference,Biomass,2065,NDC,0.073881952,0.080548019,0.080119917,0.080548019,0.073881952
Transition countries,CoC-reference,Biomass,2070,NDC,0.073881952,0.080548019,0.080119917,0.080548019,0.073881952
Transition countries,CoC-reference,Biomass,2075,NDC,0.073881952,0.080548019,0.080119917,0.080548019,0.073881952
Transition countries,CoC-reference,Biomass,2080,NDC,0.073881952,0.080548019,0.080119917,0.080548019,0.073881952
Transition countries,CoC-reference,Biomass,2085,NDC,0.073881952,0.080548019,0.080119917,0.080548019,0.073881952
Transition countries,CoC-reference,Biomass,2090,NDC,0.073881952,0.080548019,0.080119917,0.080548019,0.073881952
Transition countries,CoC-reference,Biomass,2095,NDC,0.073881952,0.080548019,0.080119917,0.080548019,0.073881952
Transition countries+A156:B156,CoC-reference,Biomass,2100,NDC,0.073881952,0.080548019,0.080119917,0.080548019,0.073881952
Transition countries,CoC-convergence,Onshore,2020,NDC,0.087348147,0.088030227,0.089007476,0.089007476,0.087348147
Transition countries,CoC-convergence,Onshore,2025,NDC,0.077722641,0.080936078,0.085189384,0.085189384,0.077722641
Transition countries,CoC-convergence,Onshore,2030,NDC,0.069185498,0.073423088,0.085171293,0.085171293,0.069185498
Transition countries,CoC-convergence,Onshore,2035,NDC,0.061637088,0.066270622,0.075758211,0.075758211,0.061637088
Transition countries,CoC-convergence,Onshore,2040,NDC,0.054799786,0.059011638,0.066180511,0.066180511,0.054799786
Transition countries,CoC-convergence,Onshore,2045,NDC,0.048247116,0.050834347,0.056365392,0.056365392,0.048247116
Transition countries,CoC-convergence,Onshore,2050,NDC,0.04197,0.042768513,0.046717615,0.046717615,0.04197
Transition countries,CoC-convergence,Onshore,2055,NDC,0.04136,0.040442952,0.046403063,0.046403063,0.040442952
Transition countries,CoC-convergence,Onshore,2060,NDC,0.04086,0.039491175,0.046115805,0.046115805,0.039491175
Transition countries,CoC-convergence,Onshore,2065,NDC,0.04042,0.03925896,0.04585182,0.04585182,0.03925896
Transition countries,CoC-convergence,Onshore,2070,NDC,0.04001,0.038677379,0.045607967,0.045607967,0.038677379
Transition countries,CoC-convergence,Onshore,2075,NDC,0.03963,0.037852379,0.045381398,0.045381398,0.037852379
Transition countries,CoC-convergence,Onshore,2080,NDC,0.03928,0.037363648,0.04517,0.04517,0.037363648
Transition countries,CoC-convergence,Onshore,2085,NDC,0.03897,0.036960543,0.044972063,0.044972063,0.036960543
Transition countries,CoC-convergence,Onshore,2090,NDC,0.03867,0.03662416,0.044786027,0.044786027,0.03662416
Transition countries,CoC-convergence,Onshore,2095,NDC,0.03839,0.036288138,0.044610648,0.044610648,0.036288138
Transition countries,CoC-convergence,Onshore,2100,NDC,0.03813,0.036006739,0.044445568,0.044445568,0.036006739
Transition countries,CoC-convergence,Offshore,2020,NDC,0.088892487,0.092948799,0.093350247,0.093350247,0.088892487
Transition countries,CoC-convergence,Offshore,2025,NDC,0.077059451,0.088030438,0.075135579,0.088030438,0.075135579
Transition countries,CoC-convergence,Offshore,2030,NDC,0.067262228,0.080132746,0.066359743,0.080132746,0.066359743
Transition countries,CoC-convergence,Offshore,2035,NDC,0.060402049,0.072420289,0.058285353,0.072420289,0.058285353
Transition countries,CoC-convergence,Offshore,2040,NDC,0.055387705,0.065478825,0.051371987,0.065478825,0.051371987
Transition countries,CoC-convergence,Offshore,2045,NDC,0.050874611,0.059193383,0.044543027,0.059193383,0.044543027
Transition countries,CoC-convergence,Offshore,2050,NDC,0.04662,0.05359757,0.03806911,0.05359757,0.03806911
Transition countries,CoC-convergence,Offshore,2055,NDC,0.04579,0.05269672,0.036807688,0.05269672,0.036807688
Transition countries,CoC-convergence,Offshore,2060,NDC,0.04515,0.05186075,0.035808461,0.05186075,0.035808461
Transition countries,CoC-convergence,Offshore,2065,NDC,0.04458,0.05111984,0.034877619,0.05111984,0.034877619
Transition countries,CoC-convergence,Offshore,2070,NDC,0.04408,0.05047119,0.034079108,0.05047119,0.034079108
Transition countries,CoC-convergence,Offshore,2075,NDC,0.04361,0.04990827,0.033477587,0.04990827,0.033477587
Transition countries,CoC-convergence,Offshore,2080,NDC,0.0432,0.049352,0.032898418,0.049352,0.032898418
Transition countries,CoC-convergence,Offshore,2085,NDC,0.04282,0.04884342,0.032369798,0.04884342,0.032369798
Transition countries,CoC-convergence,Offshore,2090,NDC,0.04246,0.04838734,0.031916375,0.04838734,0.031916375
Transition countries,CoC-convergence,Offshore,2095,NDC,0.04214,0.04797023,0.03152993,0.04797023,0.03152993
Transition countries,CoC-convergence,Offshore,2100,NDC,0.04183,0.04770514,0.031204973,0.04770514,0.031204973
Transition countries,CoC-convergence,Nuclear,2020,NDC,0.070717267,0.076197751,0.076665217,0.076665217,0.070717267
Transition countries,CoC-convergence,Nuclear,2025,NDC,0.066759119,0.072615456,0.076665217,0.076665217,0.066759119
Transition countries,CoC-convergence,Nuclear,2030,NDC,0.062810664,0.0681376,0.076665217,0.076665217,0.062810664
Transition countries,CoC-convergence,Nuclear,2035,NDC,0.058855057,0.063659742,0.07027463,0.07027463,0.058855057
Transition countries,CoC-convergence,Nuclear,2040,NDC,0.054906602,0.059181881,0.063884043,0.063884043,0.054906602
Transition countries,CoC-convergence,Nuclear,2045,NDC,0.050948455,0.054704022,0.057493456,0.057493456,0.050948455
Transition countries,CoC-convergence,Nuclear,2050,NDC,0.047,0.05022616,0.05110287,0.05110287,0.047
Transition countries,CoC-convergence,Nuclear,2055,NDC,0.047,0.05022616,0.05110287,0.05110287,0.047
Transition countries,CoC-convergence,Nuclear,2060,NDC,0.047,0.05022616,0.05110287,0.05110287,0.047
Transition countries,CoC-convergence,Nuclear,2065,NDC,0.047,0.05022616,0.05110287,0.05110287,0.047
Transition countries,CoC-convergence,Nuclear,2070,NDC,0.047,0.05022616,0.05110287,0.05110287,0.047
Transition countries,CoC-convergence,Nuclear,2075,NDC,0.047,0.05022616,0.05110287,0.05110287,0.047
Transition countries,CoC-convergence,Nuclear,2080,NDC,0.047,0.05022616,0.05110287,0.05110287,0.047
Transition countries,CoC-convergence,Nuclear,2085,NDC,0.047,0.05022616,0.05110287,0.05110287,0.047
Transition countries,CoC-convergence,Nuclear,2090,NDC,0.047,0.05022616,0.05110287,0.05110287,0.047
Transition countries,CoC-convergence,Nuclear,2095,NDC,0.047,0.05022616,0.05110287,0.05110287,0.047
Transition countries,CoC-convergence,Nuclear,2100,NDC,0.047,0.05022616,0.05110287,0.05110287,0.047
Transition countries,CoC-convergence,CCS,2020,NDC,0.073881952,0.079543738,0.080119917,0.080119917,0.073881952
Transition countries,CoC-convergence,CCS,2025,NDC,0.070045407,0.075589883,0.080119917,0.080119917,0.070045407
Transition countries,CoC-convergence,CCS,2030,NDC,0.066188863,0.070556169,0.080119917,0.080119917,0.066188863
Transition countries,CoC-convergence,CCS,2035,NDC,0.062325166,0.065194348,0.07372933,0.07372933,0.062325166
Transition countries,CoC-convergence,CCS,2040,NDC,0.058478315,0.060025443,0.067338743,0.067338743,0.058478315
Transition countries,CoC-convergence,CCS,2045,NDC,0.054634004,0.054890284,0.060948156,0.060948156,0.054634004
Transition countries,CoC-convergence,CCS,2050,NDC,0.05079,0.050155595,0.05455757,0.05455757,0.050155595
Transition countries,CoC-convergence,CCS,2055,NDC,0.05075,0.049765267,0.05455757,0.05455757,0.049765267
Transition countries,CoC-convergence,CCS,2060,NDC,0.05072,0.049577451,0.05455757,0.05455757,0.049577451
Transition countries,CoC-convergence,CCS,2065,NDC,0.05069,0.049513705,0.05455757,0.05455757,0.049513705
Transition countries,CoC-convergence,CCS,2070,NDC,0.05064,0.049430075,0.05455757,0.05455757,0.049430075
Transition countries,CoC-convergence,CCS,2075,NDC,0.05059,0.049316933,0.05455757,0.05455757,0.049316933
Transition countries,CoC-convergence,CCS,2080,NDC,0.05052,0.049170447,0.05455757,0.05455757,0.049170447
Transition countries,CoC-convergence,CCS,2085,NDC,0.05045,0.049019176,0.05455757,0.05455757,0.049019176
Transition countries,CoC-convergence,CCS,2090,NDC,0.05039,0.048898735,0.05455757,0.05455757,0.048898735
Transition countries,CoC-convergence,CCS,2095,NDC,0.05032,0.048832046,0.05455757,0.05455757,0.048832046
Transition countries,CoC-convergence,CCS,2100,NDC,0.05026,0.048792285,0.05455757,0.05455757,0.048792285
Transition countries,CoC-convergence,Coal,2020,NDC,0.073881952,0.079652451,0.080119917,0.080119917,0.073881952
Transition countries,CoC-convergence,Coal,2025,NDC,0.0700651,0.076070156,0.080119917,0.080119917,0.0700651
Transition countries,CoC-convergence,Coal,2030,NDC,0.066251404,0.0715923,0.080119917,0.080119917,0.066251404
Transition countries,CoC-convergence,Coal,2035,NDC,0.0624374,0.067114442,0.07372933,0.07372933,0.0624374
Transition countries,CoC-convergence,Coal,2040,NDC,0.058630548,0.062636581,0.067338743,0.067338743,0.058630548
Transition countries,CoC-convergence,Coal,2045,NDC,0.054813696,0.058158722,0.060948156,0.060948156,0.054813696
Transition countries,CoC-convergence,Coal,2050,NDC,0.051,0.05368086,0.05455757,0.05455757,0.051
Transition countries,CoC-convergence,Coal,2055,NDC,0.051,0.05368086,0.05455757,0.05455757,0.051
Transition countries,CoC-convergence,Coal,2060,NDC,0.051,0.05368086,0.05455757,0.05455757,0.051
Transition countries,CoC-convergence,Coal,2065,NDC,0.051,0.05368086,0.05455757,0.05455757,0.051
Transition countries,CoC-convergence,Coal,2070,NDC,0.051,0.05368086,0.05455757,0.05455757,0.051
Transition countries,CoC-convergence,Coal,2075,NDC,0.051,0.05368086,0.05455757,0.05455757,0.051
Transition countries,CoC-convergence,Coal,2080,NDC,0.051,0.05368086,0.05455757,0.05455757,0.051
Transition countries,CoC-convergence,Coal,2085,NDC,0.051,0.05368086,0.05455757,0.05455757,0.051
Transition countries,CoC-convergence,Coal,2090,NDC,0.051,0.05368086,0.05455757,0.05455757,0.051
Transition countries,CoC-convergence,Coal,2095,NDC,0.051,0.05368086,0.05455757,0.05455757,0.051
Transition countries,CoC-convergence,Coal,2100,NDC,0.051,0.05368086,0.05455757,0.05455757,0.051
Transition countries,CoC-convergence,Gas,2020,NDC,0.051943555,0.057790448,0.058257917,0.058257917,0.051943555
Transition countries,CoC-convergence,Gas,2025,NDC,0.048119858,0.054208161,0.058257917,0.058257917,0.048119858
Transition countries,CoC-convergence,Gas,2030,NDC,0.044292472,0.0497303,0.058257917,0.058257917,0.044292472
Transition countries,CoC-convergence,Gas,2035,NDC,0.040471624,0.045252442,0.05186733,0.05186733,0.040471624
Transition countries,CoC-convergence,Gas,2040,NDC,0.036651083,0.04077458,0.045476743,0.045476743,0.036651083
Transition countries,CoC-convergence,Gas,2045,NDC,0.032820541,0.036296722,0.039086156,0.039086156,0.032820541
Transition countries,CoC-convergence,Gas,2050,NDC,0.029,0.03181886,0.03269557,0.03269557,0.029
Transition countries,CoC-convergence,Gas,2055,NDC,0.029,0.03181886,0.03269557,0.03269557,0.029
Transition countries,CoC-convergence,Gas,2060,NDC,0.029,0.03181886,0.03269557,0.03269557,0.029
Transition countries,CoC-convergence,Gas,2065,NDC,0.029,0.03181886,0.03269557,0.03269557,0.029
Transition countries,CoC-convergence,Gas,2070,NDC,0.029,0.03181886,0.03269557,0.03269557,0.029
Transition countries,CoC-convergence,Gas,2075,NDC,0.029,0.03181886,0.03269557,0.03269557,0.029
Transition countries,CoC-convergence,Gas,2080,NDC,0.029,0.03181886,0.03269557,0.03269557,0.029
Transition countries,CoC-convergence,Gas,2085,NDC,0.029,0.03181886,0.03269557,0.03269557,0.029
Transition countries,CoC-convergence,Gas,2090,NDC,0.029,0.03181886,0.03269557,0.03269557,0.029
Transition countries,CoC-convergence,Gas,2095,NDC,0.029,0.03181886,0.03269557,0.03269557,0.029
Transition countries,CoC-convergence,Gas,2100,NDC,0.029,0.03181886,0.03269557,0.03269557,0.029
Transition countries,CoC-convergence,Solar,2020,NDC,0.08394192,0.084919245,0.086437041,0.086437041,0.08394192
Transition countries,CoC-convergence,Solar,2025,NDC,0.073458475,0.079072003,0.084492203,0.084492203,0.073458475
Transition countries,CoC-convergence,Solar,2030,NDC,0.066228522,0.07285697,0.083098719,0.083098719,0.066228522
Transition countries,CoC-convergence,Solar,2035,NDC,0.060152527,0.066710723,0.072832265,0.072832265,0.060152527
Transition countries,CoC-convergence,Solar,2040,NDC,0.05418762,0.059693046,0.060171686,0.060171686,0.05418762
Transition countries,CoC-convergence,Solar,2045,NDC,0.048388881,0.051783134,0.049962797,0.051783134,0.048388881
Transition countries,CoC-convergence,Solar,2050,NDC,0.04294,0.04438676,0.042269605,0.04438676,0.042269605
Transition countries,CoC-convergence,Solar,2055,NDC,0.04236,0.042266979,0.041144227,0.04236,0.041144227
Transition countries,CoC-convergence,Solar,2060,NDC,0.04186,0.041601452,0.04018248,0.04186,0.04018248
Transition countries,CoC-convergence,Solar,2065,NDC,0.04141,0.041306739,0.039395232,0.04141,0.039395232
Transition countries,CoC-convergence,Solar,2070,NDC,0.041,0.040804985,0.038733468,0.041,0.038733468
Transition countries,CoC-convergence,Solar,2075,NDC,0.04062,0.040035039,0.038135689,0.04062,0.038135689
Transition countries,CoC-convergence,Solar,2080,NDC,0.04027,0.039640245,0.03766648,0.04027,0.03766648
Transition countries,CoC-convergence,Solar,2085,NDC,0.03995,0.039269484,0.037207929,0.03995,0.037207929
Transition countries,CoC-convergence,Solar,2090,NDC,0.03965,0.038962427,0.036808213,0.03965,0.036808213
Transition countries,CoC-convergence,Solar,2095,NDC,0.03936,0.038631631,0.036439698,0.03936,0.036439698
Transition countries,CoC-convergence,Solar,2100,NDC,0.0391,0.038274596,0.036112209,0.0391,0.036112209
Transition countries,CoC-convergence,Hydro,2020,NDC,0.062733551,0.068314648,0.068782117,0.068782117,0.062733551
Transition countries,CoC-convergence,Hydro,2025,NDC,0.058942638,0.064732362,0.068782117,0.068782117,0.058942638
Transition countries,CoC-convergence,Hydro,2030,NDC,0.055151725,0.060254503,0.068782117,0.068782117,0.055151725
Transition countries,CoC-convergence,Hydro,2035,NDC,0.051363353,0.055776643,0.06239153,0.06239153,0.051363353
Transition countries,CoC-convergence,Hydro,2040,NDC,0.047579285,0.051298784,0.056000943,0.056000943,0.047579285
Transition countries,CoC-convergence,Hydro,2045,NDC,0.043790913,0.046820923,0.049610356,0.049610356,0.043790913
Transition countries,CoC-convergence,Hydro,2050,NDC,0.04,0.04234307,0.04321977,0.04321977,0.04
Transition countries,CoC-convergence,Hydro,2055,NDC,0.04,0.04234307,0.04321977,0.04321977,0.04
Transition countries,CoC-convergence,Hydro,2060,NDC,0.04,0.04234307,0.04321977,0.04321977,0.04
Transition countries,CoC-convergence,Hydro,2065,NDC,0.04,0.04234307,0.04321977,0.04321977,0.04
Transition countries,CoC-convergence,Hydro,2070,NDC,0.04,0.04234307,0.04321977,0.04321977,0.04
Transition countries,CoC-convergence,Hydro,2075,NDC,0.04,0.04234307,0.04321977,0.04321977,0.04
Transition countries,CoC-convergence,Hydro,2080,NDC,0.04,0.04234307,0.04321977,0.04321977,0.04
Transition countries,CoC-convergence,Hydro,2085,NDC,0.04,0.04234307,0.04321977,0.04321977,0.04
Transition countries,CoC-convergence,Hydro,2090,NDC,0.04,0.04234307,0.04321977,0.04321977,0.04
Transition countries,CoC-convergence,Hydro,2095,NDC,0.04,0.04234307,0.04321977,0.04321977,0.04
Transition countries,CoC-convergence,Hydro,2100,NDC,0.04,0.04234307,0.04321977,0.04321977,0.04
Transition countries,CoC-convergence,Biomass,2020,NDC,0.073881952,0.079652451,0.080119917,0.080119917,0.073881952
Transition countries,CoC-convergence,Biomass,2025,NDC,0.0700651,0.076070156,0.080119917,0.080119917,0.0700651
Transition countries,CoC-convergence,Biomass,2030,NDC,0.066251404,0.0715923,0.080119917,0.080119917,0.066251404
Transition countries,CoC-convergence,Biomass,2035,NDC,0.0624374,0.067114442,0.07372933,0.07372933,0.0624374
Transition countries,CoC-convergence,Biomass,2040,NDC,0.058630548,0.062636581,0.067338743,0.067338743,0.058630548
Transition countries,CoC-convergence,Biomass,2045,NDC,0.054813696,0.058158722,0.060948156,0.060948156,0.054813696
Transition countries,CoC-convergence,Biomass,2050,NDC,0.051,0.05368086,0.05455757,0.05455757,0.051
Transition countries,CoC-convergence,Biomass,2055,NDC,0.051,0.05368086,0.05455757,0.05455757,0.051
Transition countries,CoC-convergence,Biomass,2060,NDC,0.051,0.05368086,0.05455757,0.05455757,0.051
Transition countries,CoC-convergence,Biomass,2065,NDC,0.051,0.05368086,0.05455757,0.05455757,0.051
Transition countries,CoC-convergence,Biomass,2070,NDC,0.051,0.05368086,0.05455757,0.05455757,0.051
Transition countries,CoC-convergence,Biomass,2075,NDC,0.051,0.05368086,0.05455757,0.05455757,0.051
Transition countries,CoC-convergence,Biomass,2080,NDC,0.051,0.05368086,0.05455757,0.05455757,0.051
Transition countries,CoC-convergence,Biomass,2085,NDC,0.051,0.05368086,0.05455757,0.05455757,0.051
Transition countries,CoC-convergence,Biomass,2090,NDC,0.051,0.05368086,0.05455757,0.05455757,0.051
Transition countries,CoC-convergence,Biomass,2095,NDC,0.051,0.05368086,0.05455757,0.05455757,0.051
Transition countries,CoC-convergence,Biomass,2100,NDC,0.051,0.05368086,0.05455757,0.05455757,0.051
Transition countries,CoC-reference,Onshore,2020,1.5D,0.087348147,0.089386672,0.089007476,0.089386672,0.087348147
Transition countries,CoC-reference,Onshore,2025,1.5D,0.082602297,0.087581905,0.085189384,0.087581905,0.082602297
Transition countries,CoC-reference,Onshore,2030,1.5D,0.079016716,0.085156542,0.085171293,0.085171293,0.079016716
Transition countries,CoC-reference,Onshore,2035,1.5D,0.077145422,0.079994206,0.085155884,0.085155884,0.077145422
Transition countries,CoC-reference,Onshore,2040,1.5D,0.075703144,0.077683116,0.084719912,0.084719912,0.075703144
Transition countries,CoC-reference,Onshore,2045,1.5D,0.074238018,0.075277554,0.083958419,0.083958419,0.074238018
Transition countries,CoC-reference,Onshore,2050,1.5D,0.073045208,0.071475971,0.083163382,0.083163382,0.071475971
Transition countries,CoC-reference,Onshore,2055,1.5D,0.0721541,0.069543862,0.082463335,0.082463335,0.069543862
Transition countries,CoC-reference,Onshore,2060,1.5D,0.071399693,0.069173754,0.081838856,0.081838856,0.069173754
Transition countries,CoC-reference,Onshore,2065,1.5D,0.070701823,0.068894962,0.081276051,0.081276051,0.068894962
Transition countries,CoC-reference,Onshore,2070,1.5D,0.070065879,0.068587155,0.080764701,0.080764701,0.068587155
Transition countries,CoC-reference,Onshore,2075,1.5D,0.069499013,0.067866611,0.080296227,0.080296227,0.067866611
Transition countries,CoC-reference,Onshore,2080,1.5D,0.068984381,0.066912023,0.079864481,0.079864481,0.066912023
Transition countries,CoC-reference,Onshore,2085,1.5D,0.068519134,0.066390989,0.07946446,0.07946446,0.066390989
Transition countries,CoC-reference,Onshore,2090,1.5D,0.068105813,0.065879582,0.079092019,0.079092019,0.065879582
Transition countries,CoC-reference,Onshore,2095,1.5D,0.067755033,0.065498889,0.078743815,0.078743815,0.065498889
Transition countries,CoC-reference,Onshore,2100,1.5D,0.067430791,0.065223227,0.078418479,0.078418479,0.065223227
Transition countries,CoC-reference,Offshore,2020,1.5D,0.088892487,0.094003528,0.093350247,0.094003528,0.088892487
Transition countries,CoC-reference,Offshore,2025,1.5D,0.078746603,0.093174505,0.075135579,0.093174505,0.075135579
Transition countries,CoC-reference,Offshore,2030,1.5D,0.071292272,0.082902461,0.055981833,0.082902461,0.055981833
Transition countries,CoC-reference,Offshore,2035,1.5D,0.068107318,0.08088437,0.05496241,0.08088437,0.05496241
Transition countries,CoC-reference,Offshore,2040,1.5D,0.06640849,0.079036987,0.053684322,0.079036987,0.053684322
Transition countries,CoC-reference,Offshore,2045,1.5D,0.064929209,0.07791869,0.052449842,0.07791869,0.052449842
Transition countries,CoC-reference,Offshore,2050,1.5D,0.063663781,0.076469351,0.05134905,0.076469351,0.05134905
Transition countries,CoC-reference,Offshore,2055,1.5D,0.062717595,0.075193848,0.050453894,0.075193848,0.050453894
Transition countries,CoC-reference,Offshore,2060,1.5D,0.061987801,0.074249255,0.049603555,0.074249255,0.049603555
Transition countries,CoC-reference,Offshore,2065,1.5D,0.061320548,0.07343211,0.04883522,0.07343211,0.04883522
Transition countries,CoC-reference,Offshore,2070,1.5D,0.06071268,0.072739549,0.048094136,0.072739549,0.048094136
Transition countries,CoC-reference,Offshore,2075,1.5D,0.060179894,0.072238526,0.047426858,0.072238526,0.047426858
Transition countries,CoC-reference,Offshore,2080,1.5D,0.059696801,0.071587568,0.046802015,0.071587568,0.046802015
Transition countries,CoC-reference,Offshore,2085,1.5D,0.059265941,0.071131023,0.046197249,0.071131023,0.046197249
Transition countries,CoC-reference,Offshore,2090,1.5D,0.058894773,0.070525387,0.045666602,0.070525387,0.045666602
Transition countries,CoC-reference,Offshore,2095,1.5D,0.058576147,0.069881093,0.045200536,0.069881093,0.045200536
Transition countries,CoC-reference,Offshore,2100,1.5D,0.058276906,0.069429167,0.044808494,0.069429167,0.044808494
Transition countries,CoC-reference,Nuclear,2020,1.5D,0.070717267,0.077093314,0.076665217,0.077093314,0.070717267
Transition countries,CoC-reference,Nuclear,2025,1.5D,0.070717267,0.077093314,0.076665217,0.077093314,0.070717267
Transition countries,CoC-reference,Nuclear,2030,1.5D,0.070717267,0.077093314,0.076665217,0.077093314,0.070717267
Transition countries,CoC-reference,Nuclear,2035,1.5D,0.070717267,0.077093314,0.076665217,0.077093314,0.070717267
Transition countries,CoC-reference,Nuclear,2040,1.5D,0.070717267,0.077093314,0.076665217,0.077093314,0.070717267
Transition countries,CoC-reference,Nuclear,2045,1.5D,0.070717267,0.077093314,0.076665217,0.077093314,0.070717267
Transition countries,CoC-reference,Nuclear,2050,1.5D,0.070717267,0.077093314,0.076665217,0.077093314,0.070717267
Transition countries,CoC-reference,Nuclear,2055,1.5D,0.070717267,0.077093314,0.076665217,0.077093314,0.070717267
Transition countries,CoC-reference,Nuclear,2060,1.5D,0.070717267,0.077093314,0.076665217,0.077093314,0.070717267
Transition countries,CoC-reference,Nuclear,2065,1.5D,0.070717267,0.077093314,0.076665217,0.077093314,0.070717267
Transition countries,CoC-reference,Nuclear,2070,1.5D,0.070717267,0.077093314,0.076665217,0.077093314,0.070717267
Transition countries,CoC-reference,Nuclear,2075,1.5D,0.070717267,0.077093314,0.076665217,0.077093314,0.070717267
Transition countries,CoC-reference,Nuclear,2080,1.5D,0.070717267,0.077093314,0.076665217,0.077093314,0.070717267
Transition countries,CoC-reference,Nuclear,2085,1.5D,0.070717267,0.077093314,0.076665217,0.077093314,0.070717267
Transition countries,CoC-reference,Nuclear,2090,1.5D,0.070717267,0.077093314,0.076665217,0.077093314,0.070717267
Transition countries,CoC-reference,Nuclear,2095,1.5D,0.070717267,0.077093314,0.076665217,0.077093314,0.070717267
Transition countries,CoC-reference,Nuclear,2100,1.5D,0.070717267,0.077093314,0.076665217,0.077093314,0.070717267
Transition countries,CoC-reference,CCS,2020,1.5D,0.073881952,0.080437935,0.080119917,0.080437935,0.073881952
Transition countries,CoC-reference,CCS,2025,1.5D,0.073809411,0.080040407,0.080119917,0.080119917,0.073809411
Transition countries,CoC-reference,CCS,2030,1.5D,0.073542711,0.079930969,0.077281175,0.079930969,0.073542711
Transition countries,CoC-reference,CCS,2035,1.5D,0.073146625,0.078955477,0.075674511,0.078955477,0.073146625
Transition countries,CoC-reference,CCS,2040,1.5D,0.072341912,0.078091851,0.074458346,0.078091851,0.072341912
Transition countries,CoC-reference,CCS,2045,1.5D,0.071088881,0.077613929,0.073484465,0.077613929,0.071088881
Transition countries,CoC-reference,CCS,2050,1.5D,0.069598534,0.077104305,0.072673124,0.077104305,0.069598534
Transition countries,CoC-reference,CCS,2055,1.5D,0.068305503,0.076808033,0.072042204,0.076808033,0.068305503
Transition countries,CoC-reference,CCS,2060,1.5D,0.067346016,0.076717362,0.071641908,0.076717362,0.067346016
Transition countries,CoC-reference,CCS,2065,1.5D,0.066521304,0.07667036,0.071284142,0.07667036,0.066521304
Transition countries,CoC-reference,CCS,2070,1.5D,0.065779132,0.076587528,0.071075257,0.076587528,0.065779132
Transition countries,CoC-reference,CCS,2075,1.5D,0.065093498,0.07636651,0.07089023,0.07636651,0.065093498
Transition countries,CoC-reference,CCS,2080,1.5D,0.064421019,0.076076841,0.070767032,0.076076841,0.064421019
Transition countries,CoC-reference,CCS,2085,1.5D,0.063728233,0.075896454,0.070658323,0.075896454,0.063728233
Transition countries,CoC-reference,CCS,2090,1.5D,0.062993213,0.075764173,0.070558951,0.075764173,0.062993213
Transition countries,CoC-reference,CCS,2095,1.5D,0.062257579,0.075676376,0.070468456,0.075676376,0.062257579
Transition countries,CoC-reference,CCS,2100,1.5D,0.061637641,0.075656747,0.070383683,0.075656747,0.061637641
Transition countries,CoC-reference,Coal,2020,1.5D,0.073881952,0.080548019,0.080119917,0.080548019,0.073881952
Transition countries,CoC-reference,Coal,2025,1.5D,0.073881952,0.080548019,0.080119917,0.080548019,0.073881952
Transition countries,CoC-reference,Coal,2030,1.5D,0.073881952,0.080548019,0.080119917,0.080548019,0.073881952
Transition countries,CoC-reference,Coal,2035,1.5D,0.073881952,0.080548019,0.080119917,0.080548019,0.073881952
Transition countries,CoC-reference,Coal,2040,1.5D,0.073881952,0.080548019,0.080119917,0.080548019,0.073881952
Transition countries,CoC-reference,Coal,2045,1.5D,0.073881952,0.080548019,0.080119917,0.080548019,0.073881952
Transition countries,CoC-reference,Coal,2050,1.5D,0.073881952,0.080548019,0.080119917,0.080548019,0.073881952
Transition countries,CoC-reference,Coal,2055,1.5D,0.073881952,0.080548019,0.080119917,0.080548019,0.073881952
Transition countries,CoC-reference,Coal,2060,1.5D,0.073881952,0.080548019,0.080119917,0.080548019,0.073881952
Transition countries,CoC-reference,Coal,2065,1.5D,0.073881952,0.080548019,0.080119917,0.080548019,0.073881952
Transition countries,CoC-reference,Coal,2070,1.5D,0.073881952,0.080548019,0.080119917,0.080548019,0.073881952
Transition countries,CoC-reference,Coal,2075,1.5D,0.073881952,0.080548019,0.080119917,0.080548019,0.073881952
Transition countries,CoC-reference,Coal,2080,1.5D,0.073881952,0.080548019,0.080119917,0.080548019,0.073881952
Transition countries,CoC-reference,Coal,2085,1.5D,0.073881952,0.080548019,0.080119917,0.080548019,0.073881952
Transition countries,CoC-reference,Coal,2090,1.5D,0.073881952,0.080548019,0.080119917,0.080548019,0.073881952
Transition countries,CoC-reference,Coal,2095,1.5D,0.073881952,0.080548019,0.080119917,0.080548019,0.073881952
Transition countries,CoC-reference,Coal,2100,1.5D,0.073881952,0.080548019,0.080119917,0.080548019,0.073881952
Transition countries,CoC-reference,Gas,2020,1.5D,0.051943555,0.058686015,0.058257917,0.058686015,0.051943555
Transition countries,CoC-reference,Gas,2025,1.5D,0.051943555,0.058686015,0.058257917,0.058686015,0.051943555
Transition countries,CoC-reference,Gas,2030,1.5D,0.051943555,0.058686015,0.058257917,0.058686015,0.051943555
Transition countries,CoC-reference,Gas,2035,1.5D,0.051943555,0.058686015,0.058257917,0.058686015,0.051943555
Transition countries,CoC-reference,Gas,2040,1.5D,0.051943555,0.058686015,0.058257917,0.058686015,0.051943555
Transition countries,CoC-reference,Gas,2045,1.5D,0.051943555,0.058686015,0.058257917,0.058686015,0.051943555
Transition countries,CoC-reference,Gas,2050,1.5D,0.051943555,0.058686015,0.058257917,0.058686015,0.051943555
Transition countries,CoC-reference,Gas,2055,1.5D,0.051943555,0.058686015,0.058257917,0.058686015,0.051943555
Transition countries,CoC-reference,Gas,2060,1.5D,0.051943555,0.058686015,0.058257917,0.058686015,0.051943555
Transition countries,CoC-reference,Gas,2065,1.5D,0.051943555,0.058686015,0.058257917,0.058686015,0.051943555
Transition countries,CoC-reference,Gas,2070,1.5D,0.051943555,0.058686015,0.058257917,0.058686015,0.051943555
Transition countries,CoC-reference,Gas,2075,1.5D,0.051943555,0.058686015,0.058257917,0.058686015,0.051943555
Transition countries,CoC-reference,Gas,2080,1.5D,0.051943555,0.058686015,0.058257917,0.058686015,0.051943555
Transition countries,CoC-reference,Gas,2085,1.5D,0.051943555,0.058686015,0.058257917,0.058686015,0.051943555
Transition countries,CoC-reference,Gas,2090,1.5D,0.051943555,0.058686015,0.058257917,0.058686015,0.051943555
Transition countries,CoC-reference,Gas,2095,1.5D,0.051943555,0.058686015,0.058257917,0.058686015,0.051943555
Transition countries,CoC-reference,Gas,2100,1.5D,0.051943555,0.058686015,0.058257917,0.058686015,0.051943555
Transition countries,CoC-reference,Solar,2020,1.5D,0.08394192,0.085977941,0.086437041,0.086437041,0.08394192
Transition countries,CoC-reference,Solar,2025,1.5D,0.077495429,0.084240856,0.079424599,0.084240856,0.077495429
Transition countries,CoC-reference,Solar,2030,1.5D,0.074477574,0.083232305,0.071622461,0.083232305,0.071622461
Transition countries,CoC-reference,Solar,2035,1.5D,0.073321772,0.080923516,0.066183698,0.080923516,0.066183698
Transition countries,CoC-reference,Solar,2040,1.5D,0.072054044,0.075607658,0.063526202,0.075607658,0.063526202
Transition countries,CoC-reference,Solar,2045,1.5D,0.070595925,0.06995205,0.062131777,0.070595925,0.062131777
Transition countries,CoC-reference,Solar,2050,1.5D,0.06950205,0.066472524,0.060984308,0.06950205,0.060984308
Transition countries,CoC-reference,Solar,2055,1.5D,0.068694487,0.065458774,0.060009988,0.068694487,0.060009988
Transition countries,CoC-reference,Solar,2060,1.5D,0.067982005,0.064815707,0.059139745,0.067982005,0.059139745
Transition countries,CoC-reference,Solar,2065,1.5D,0.067308602,0.064330487,0.058373715,0.067308602,0.058373715
Transition countries,CoC-reference,Solar,2070,1.5D,0.066704584,0.063818663,0.057640996,0.066704584,0.057640996
Transition countries,CoC-reference,Solar,2075,1.5D,0.066172185,0.063072417,0.056990999,0.066172185,0.056990999
Transition countries,CoC-reference,Solar,2080,1.5D,0.065679786,0.062223566,0.056357458,0.065679786,0.056357458
Transition countries,CoC-reference,Solar,2085,1.5D,0.065226466,0.06162048,0.055775808,0.065226466,0.055775808
Transition countries,CoC-reference,Solar,2090,1.5D,0.064832838,0.061031932,0.055262434,0.064832838,0.055262434
Transition countries,CoC-reference,Solar,2095,1.5D,0.064491136,0.060560661,0.054778055,0.064491136,0.054778055
Transition countries,CoC-reference,Solar,2100,1.5D,0.064169435,0.060226032,0.054353503,0.064169435,0.054353503
Transition countries,CoC-reference,Hydro,2020,1.5D,0.062733551,0.06921022,0.068782117,0.06921022,0.062733551
Transition countries,CoC-reference,Hydro,2025,1.5D,0.062733551,0.06921022,0.068782117,0.06921022,0.062733551
Transition countries,CoC-reference,Hydro,2030,1.5D,0.062733551,0.06921022,0.068782117,0.06921022,0.062733551
Transition countries,CoC-reference,Hydro,2035,1.5D,0.062733551,0.06921022,0.068782117,0.06921022,0.062733551
Transition countries,CoC-reference,Hydro,2040,1.5D,0.062733551,0.06921022,0.068782117,0.06921022,0.062733551
Transition countries,CoC-reference,Hydro,2045,1.5D,0.062733551,0.06921022,0.068782117,0.06921022,0.062733551
Transition countries,CoC-reference,Hydro,2050,1.5D,0.062733551,0.06921022,0.068782117,0.06921022,0.062733551
Transition countries,CoC-reference,Hydro,2055,1.5D,0.062733551,0.06921022,0.068782117,0.06921022,0.062733551
Transition countries,CoC-reference,Hydro,2060,1.5D,0.062733551,0.06921022,0.068782117,0.06921022,0.062733551
Transition countries,CoC-reference,Hydro,2065,1.5D,0.062733551,0.06921022,0.068782117,0.06921022,0.062733551
Transition countries,CoC-reference,Hydro,2070,1.5D,0.062733551,0.06921022,0.068782117,0.06921022,0.062733551
Transition countries,CoC-reference,Hydro,2075,1.5D,0.062733551,0.06921022,0.068782117,0.06921022,0.062733551
Transition countries,CoC-reference,Hydro,2080,1.5D,0.062733551,0.06921022,0.068782117,0.06921022,0.062733551
Transition countries,CoC-reference,Hydro,2085,1.5D,0.062733551,0.06921022,0.068782117,0.06921022,0.062733551
Transition countries,CoC-reference,Hydro,2090,1.5D,0.062733551,0.06921022,0.068782117,0.06921022,0.062733551
Transition countries,CoC-reference,Hydro,2095,1.5D,0.062733551,0.06921022,0.068782117,0.06921022,0.062733551
Transition countries,CoC-reference,Hydro,2100,1.5D,0.062733551,0.06921022,0.068782117,0.06921022,0.062733551
Transition countries,CoC-reference,Biomass,2020,1.5D,0.073881952,0.080548019,0.080119917,0.080548019,0.073881952
Transition countries,CoC-reference,Biomass,2025,1.5D,0.073881952,0.080548019,0.080119917,0.080548019,0.073881952
Transition countries,CoC-reference,Biomass,2030,1.5D,0.073881952,0.080548019,0.080119917,0.080548019,0.073881952
Transition countries,CoC-reference,Biomass,2035,1.5D,0.073881952,0.080548019,0.080119917,0.080548019,0.073881952
Transition countries,CoC-reference,Biomass,2040,1.5D,0.073881952,0.080548019,0.080119917,0.080548019,0.073881952
Transition countries,CoC-reference,Biomass,2045,1.5D,0.073881952,0.080548019,0.080119917,0.080548019,0.073881952
Transition countries,CoC-reference,Biomass,2050,1.5D,0.073881952,0.080548019,0.080119917,0.080548019,0.073881952
Transition countries,CoC-reference,Biomass,2055,1.5D,0.073881952,0.080548019,0.080119917,0.080548019,0.073881952
Transition countries,CoC-reference,Biomass,2060,1.5D,0.073881952,0.080548019,0.080119917,0.080548019,0.073881952
Transition countries,CoC-reference,Biomass,2065,1.5D,0.073881952,0.080548019,0.080119917,0.080548019,0.073881952
Transition countries,CoC-reference,Biomass,2070,1.5D,0.073881952,0.080548019,0.080119917,0.080548019,0.073881952
Transition countries,CoC-reference,Biomass,2075,1.5D,0.073881952,0.080548019,0.080119917,0.080548019,0.073881952
Transition countries,CoC-reference,Biomass,2080,1.5D,0.073881952,0.080548019,0.080119917,0.080548019,0.073881952
Transition countries,CoC-reference,Biomass,2085,1.5D,0.073881952,0.080548019,0.080119917,0.080548019,0.073881952
Transition countries,CoC-reference,Biomass,2090,1.5D,0.073881952,0.080548019,0.080119917,0.080548019,0.073881952
Transition countries,CoC-reference,Biomass,2095,1.5D,0.073881952,0.080548019,0.080119917,0.080548019,0.073881952
Transition countries,CoC-reference,Biomass,2100,1.5D,0.073881952,0.080548019,0.080119917,0.080548019,0.073881952
Transition countries,CoC-convergence,Onshore,2020,1.5D,0.087348147,0.088030227,0.089007476,0.089007476,0.087348147
Transition countries,CoC-convergence,Onshore,2025,1.5D,0.076461757,0.080935048,0.085189384,0.085189384,0.076461757
Transition countries,CoC-convergence,Onshore,2030,1.5D,0.06742945,0.072269992,0.085171293,0.085171293,0.06742945
Transition countries,CoC-convergence,Onshore,2035,1.5D,0.060186594,0.06159386,0.075758211,0.075758211,0.060186594
Transition countries,CoC-convergence,Onshore,2040,1.5D,0.053493842,0.053229874,0.066102523,0.066102523,0.053229874
Transition countries,CoC-convergence,Onshore,2045,1.5D,0.047025721,0.046337805,0.056352761,0.056352761,0.046337805
Transition countries,CoC-convergence,Onshore,2050,1.5D,0.04093,0.038906568,0.04670893,0.04670893,0.038906568
Transition countries,CoC-convergence,Onshore,2055,1.5D,0.04043,0.037662783,0.046395535,0.046395535,0.037662783
Transition countries,CoC-convergence,Onshore,2060,1.5D,0.04,0.037429411,0.046109188,0.046109188,0.037429411
Transition countries,CoC-convergence,Onshore,2065,1.5D,0.0396,0.037263504,0.045845934,0.045845934,0.037263504
Transition countries,CoC-convergence,Onshore,2070,1.5D,0.03925,0.037073853,0.045602678,0.045602678,0.037073853
Transition countries,CoC-convergence,Onshore,2075,1.5D,0.03893,0.036388872,0.045376552,0.045376552,0.036388872
Transition countries,CoC-convergence,Onshore,2080,1.5D,0.03864,0.035928612,0.045165479,0.045165479,0.035928612
Transition countries,CoC-convergence,Onshore,2085,1.5D,0.03837,0.035594348,0.044967831,0.044967831,0.035594348
Transition countries,CoC-convergence,Onshore,2090,1.5D,0.03811,0.035359664,0.044782002,0.044782002,0.035359664
Transition countries,CoC-convergence,Onshore,2095,1.5D,0.03788,0.035186283,0.044606777,0.044606777,0.035186283
Transition countries,CoC-convergence,Onshore,2100,1.5D,0.03765,0.035005935,0.044441923,0.044441923,0.035005935
Transition countries,CoC-convergence,Offshore,2020,1.5D,0.088892487,0.092948799,0.093350247,0.093350247,0.088892487
Transition countries,CoC-convergence,Offshore,2025,1.5D,0.074675151,0.087891778,0.075135579,0.087891778,0.074675151
Transition countries,CoC-convergence,Offshore,2030,1.5D,0.064326002,0.074145202,0.056019412,0.074145202,0.056019412
Transition countries,CoC-convergence,Offshore,2035,1.5D,0.058186928,0.067975702,0.050734924,0.067975702,0.050734924
Transition countries,CoC-convergence,Offshore,2040,1.5D,0.053495678,0.061427358,0.045124461,0.061427358,0.045124461
Transition countries,CoC-convergence,Offshore,2045,1.5D,0.049173137,0.055876292,0.040073155,0.055876292,0.040073155
Transition countries,CoC-convergence,Offshore,2050,1.5D,0.04514,0.05046323,0.03512553,0.05046323,0.03512553
Transition countries,CoC-convergence,Offshore,2055,1.5D,0.04449,0.04982609,0.034493319,0.04982609,0.034493319
Transition countries,CoC-convergence,Offshore,2060,1.5D,0.04397,0.04932477,0.033914433,0.04932477,0.033914433
Transition countries,CoC-convergence,Offshore,2065,1.5D,0.0435,0.04865421,0.03339377,0.04865421,0.03339377
Transition countries,CoC-convergence,Offshore,2070,1.5D,0.04308,0.04821096,0.032933501,0.04821096,0.032933501
Transition countries,CoC-convergence,Offshore,2075,1.5D,0.04271,0.04789402,0.032475801,0.04789402,0.032475801
Transition countries,CoC-convergence,Offshore,2080,1.5D,0.04238,0.04752566,0.032046001,0.04752566,0.032046001
Transition countries,CoC-convergence,Offshore,2085,1.5D,0.04207,0.04713885,0.031639617,0.04713885,0.031639617
Transition countries,CoC-convergence,Offshore,2090,1.5D,0.04177,0.04676903,0.031305934,0.04676903,0.031305934
Transition countries,CoC-convergence,Offshore,2095,1.5D,0.0415,0.04635846,0.031008047,0.04635846,0.031008047
Transition countries,CoC-convergence,Offshore,2100,1.5D,0.04125,0.04606491,0.030709436,0.04606491,0.030709436
Transition countries,CoC-convergence,Nuclear,2020,1.5D,0.070717267,0.076197751,0.076665217,0.076665217,0.070717267
Transition countries,CoC-convergence,Nuclear,2025,1.5D,0.066759119,0.072615456,0.076665217,0.076665217,0.066759119
Transition countries,CoC-convergence,Nuclear,2030,1.5D,0.062810664,0.0681376,0.076665217,0.076665217,0.062810664
Transition countries,CoC-convergence,Nuclear,2035,1.5D,0.058855057,0.063659742,0.07027463,0.07027463,0.058855057
Transition countries,CoC-convergence,Nuclear,2040,1.5D,0.054906602,0.059181881,0.063884043,0.063884043,0.054906602
Transition countries,CoC-convergence,Nuclear,2045,1.5D,0.050948455,0.054704022,0.057493456,0.057493456,0.050948455
Transition countries,CoC-convergence,Nuclear,2050,1.5D,0.047,0.05022616,0.05110287,0.05110287,0.047
Transition countries,CoC-convergence,Nuclear,2055,1.5D,0.047,0.05022616,0.05110287,0.05110287,0.047
Transition countries,CoC-convergence,Nuclear,2060,1.5D,0.047,0.05022616,0.05110287,0.05110287,0.047
Transition countries,CoC-convergence,Nuclear,2065,1.5D,0.047,0.05022616,0.05110287,0.05110287,0.047
Transition countries,CoC-convergence,Nuclear,2070,1.5D,0.047,0.05022616,0.05110287,0.05110287,0.047
Transition countries,CoC-convergence,Nuclear,2075,1.5D,0.047,0.05022616,0.05110287,0.05110287,0.047
Transition countries,CoC-convergence,Nuclear,2080,1.5D,0.047,0.05022616,0.05110287,0.05110287,0.047
Transition countries,CoC-convergence,Nuclear,2085,1.5D,0.047,0.05022616,0.05110287,0.05110287,0.047
Transition countries,CoC-convergence,Nuclear,2090,1.5D,0.047,0.05022616,0.05110287,0.05110287,0.047
Transition countries,CoC-convergence,Nuclear,2095,1.5D,0.047,0.05022616,0.05110287,0.05110287,0.047
Transition countries,CoC-convergence,Nuclear,2100,1.5D,0.047,0.05022616,0.05110287,0.05110287,0.047
Transition countries,CoC-convergence,CCS,2020,1.5D,0.073881952,0.079543738,0.080119917,0.080119917,0.073881952
Transition countries,CoC-convergence,CCS,2025,1.5D,0.069992559,0.075580924,0.080119917,0.080119917,0.069992559
Transition countries,CoC-convergence,CCS,2030,1.5D,0.065964089,0.07101834,0.077425897,0.077425897,0.065964089
Transition countries,CoC-convergence,CCS,2035,1.5D,0.061851314,0.065924225,0.06982594,0.06982594,0.061851314
Transition countries,CoC-convergence,CCS,2040,1.5D,0.057462536,0.061065715,0.06278443,0.06278443,0.057462536
Transition countries,CoC-convergence,CCS,2045,1.5D,0.052798532,0.056405122,0.056105501,0.056405122,0.052798532
Transition countries,CoC-convergence,CCS,2050,1.5D,0.0481,0.051707214,0.049684868,0.051707214,0.0481
Transition countries,CoC-convergence,CCS,2055,1.5D,0.0472,0.051478083,0.049316717,0.051478083,0.0472
Transition countries,CoC-convergence,CCS,2060,1.5D,0.04654,0.051429502,0.04904707,0.051429502,0.04654
Transition countries,CoC-convergence,CCS,2065,1.5D,0.04598,0.051420302,0.048820927,0.051420302,0.04598
Transition countries,CoC-convergence,CCS,2070,1.5D,0.04546,0.05140638,0.04867784,0.05140638,0.04546
Transition countries,CoC-convergence,CCS,2075,1.5D,0.04498,0.051308633,0.048549027,0.051308633,0.04498
Transition countries,CoC-convergence,CCS,2080,1.5D,0.04452,0.051190574,0.048464301,0.051190574,0.04452
Transition countries,CoC-convergence,CCS,2085,1.5D,0.04407,0.051079955,0.048389537,0.051079955,0.04407
Transition countries,CoC-convergence,CCS,2090,1.5D,0.04359,0.050987678,0.048321218,0.050987678,0.04359
Transition countries,CoC-convergence,CCS,2095,1.5D,0.04311,0.050934153,0.048258855,0.050934153,0.04311
Transition countries,CoC-convergence,CCS,2100,1.5D,0.04265,0.050921904,0.048200068,0.050921904,0.04265
Transition countries,CoC-convergence,Coal,2020,1.5D,0.073881952,0.079652451,0.080119917,0.080119917,0.073881952
Transition countries,CoC-convergence,Coal,2025,1.5D,0.0700651,0.076070156,0.080119917,0.080119917,0.0700651
Transition countries,CoC-convergence,Coal,2030,1.5D,0.066251404,0.0715923,0.080119917,0.080119917,0.066251404
Transition countries,CoC-convergence,Coal,2035,1.5D,0.0624374,0.067114442,0.07372933,0.07372933,0.0624374
Transition countries,CoC-convergence,Coal,2040,1.5D,0.058630548,0.062636581,0.067338743,0.067338743,0.058630548
Transition countries,CoC-convergence,Coal,2045,1.5D,0.054813696,0.058158722,0.060948156,0.060948156,0.054813696
Transition countries,CoC-convergence,Coal,2050,1.5D,0.051,0.05368086,0.05455757,0.05455757,0.051
Transition countries,CoC-convergence,Coal,2055,1.5D,0.051,0.05368086,0.05455757,0.05455757,0.051
Transition countries,CoC-convergence,Coal,2060,1.5D,0.051,0.05368086,0.05455757,0.05455757,0.051
Transition countries,CoC-convergence,Coal,2065,1.5D,0.051,0.05368086,0.05455757,0.05455757,0.051
Transition countries,CoC-convergence,Coal,2070,1.5D,0.051,0.05368086,0.05455757,0.05455757,0.051
Transition countries,CoC-convergence,Coal,2075,1.5D,0.051,0.05368086,0.05455757,0.05455757,0.051
Transition countries,CoC-convergence,Coal,2080,1.5D,0.051,0.05368086,0.05455757,0.05455757,0.051
Transition countries,CoC-convergence,Coal,2085,1.5D,0.051,0.05368086,0.05455757,0.05455757,0.051
Transition countries,CoC-convergence,Coal,2090,1.5D,0.051,0.05368086,0.05455757,0.05455757,0.051
Transition countries,CoC-convergence,Coal,2095,1.5D,0.051,0.05368086,0.05455757,0.05455757,0.051
Transition countries,CoC-convergence,Coal,2100,1.5D,0.051,0.05368086,0.05455757,0.05455757,0.051
Transition countries,CoC-convergence,Gas,2020,1.5D,0.051943555,0.057790448,0.058257917,0.058257917,0.051943555
Transition countries,CoC-convergence,Gas,2025,1.5D,0.048119858,0.054208161,0.058257917,0.058257917,0.048119858
Transition countries,CoC-convergence,Gas,2030,1.5D,0.044292472,0.0497303,0.058257917,0.058257917,0.044292472
Transition countries,CoC-convergence,Gas,2035,1.5D,0.040471624,0.045252442,0.05186733,0.05186733,0.040471624
Transition countries,CoC-convergence,Gas,2040,1.5D,0.036651083,0.04077458,0.045476743,0.045476743,0.036651083
Transition countries,CoC-convergence,Gas,2045,1.5D,0.032820541,0.036296722,0.039086156,0.039086156,0.032820541
Transition countries,CoC-convergence,Gas,2050,1.5D,0.029,0.03181886,0.03269557,0.03269557,0.029
Transition countries,CoC-convergence,Gas,2055,1.5D,0.029,0.03181886,0.03269557,0.03269557,0.029
Transition countries,CoC-convergence,Gas,2060,1.5D,0.029,0.03181886,0.03269557,0.03269557,0.029
Transition countries,CoC-convergence,Gas,2065,1.5D,0.029,0.03181886,0.03269557,0.03269557,0.029
Transition countries,CoC-convergence,Gas,2070,1.5D,0.029,0.03181886,0.03269557,0.03269557,0.029
Transition countries,CoC-convergence,Gas,2075,1.5D,0.029,0.03181886,0.03269557,0.03269557,0.029
Transition countries,CoC-convergence,Gas,2080,1.5D,0.029,0.03181886,0.03269557,0.03269557,0.029
Transition countries,CoC-convergence,Gas,2085,1.5D,0.029,0.03181886,0.03269557,0.03269557,0.029
Transition countries,CoC-convergence,Gas,2090,1.5D,0.029,0.03181886,0.03269557,0.03269557,0.029
Transition countries,CoC-convergence,Gas,2095,1.5D,0.029,0.03181886,0.03269557,0.03269557,0.029
Transition countries,CoC-convergence,Gas,2100,1.5D,0.029,0.03181886,0.03269557,0.03269557,0.029
Transition countries,CoC-convergence,Solar,2020,1.5D,0.08394192,0.084919245,0.086437041,0.086437041,0.08394192
Transition countries,CoC-convergence,Solar,2025,1.5D,0.072271136,0.079071591,0.079971079,0.079971079,0.072271136
Transition countries,CoC-convergence,Solar,2030,1.5D,0.064607638,0.072822898,0.071452692,0.072822898,0.064607638
Transition countries,CoC-convergence,Solar,2035,1.5D,0.058765886,0.065397328,0.060619107,0.065397328,0.058765886
Transition countries,CoC-convergence,Solar,2040,1.5D,0.052965835,0.055754385,0.052761295,0.055754385,0.052761295
Transition countries,CoC-convergence,Solar,2045,1.5D,0.047246565,0.048434977,0.046140896,0.048434977,0.046140896
Transition countries,CoC-convergence,Solar,2050,1.5D,0.04193,0.041530096,0.039909164,0.04193,0.039909164
Transition countries,CoC-convergence,Solar,2055,1.5D,0.04145,0.040731698,0.039276031,0.04145,0.039276031
Transition countries,CoC-convergence,Solar,2060,1.5D,0.04102,0.040329035,0.038721639,0.04102,0.038721639
Transition countries,CoC-convergence,Solar,2065,1.5D,0.04062,0.039971154,0.038223627,0.04062,0.038223627
Transition countries,CoC-convergence,Solar,2070,1.5D,0.04026,0.039598813,0.037733569,0.04026,0.037733569
Transition countries,CoC-convergence,Solar,2075,1.5D,0.03994,0.039039798,0.037328486,0.03994,0.037328486
Transition countries,CoC-convergence,Solar,2080,1.5D,0.03965,0.038487264,0.03692876,0.03965,0.03692876
Transition countries,CoC-convergence,Solar,2085,1.5D,0.03937,0.038158714,0.036556166,0.03937,0.036556166
Transition countries,CoC-convergence,Solar,2090,1.5D,0.03911,0.037918974,0.036222642,0.03911,0.036222642
Transition countries,CoC-convergence,Solar,2095,1.5D,0.03886,0.03764531,0.03590754,0.03886,0.03590754
Transition countries,CoC-convergence,Solar,2100,1.5D,0.03864,0.037388607,0.035640857,0.03864,0.035640857
Transition countries,CoC-convergence,Hydro,2020,1.5D,0.062733551,0.068314648,0.068782117,0.068782117,0.062733551
Transition countries,CoC-convergence,Hydro,2025,1.5D,0.058942638,0.064732362,0.068782117,0.068782117,0.058942638
Transition countries,CoC-convergence,Hydro,2030,1.5D,0.055151725,0.060254503,0.068782117,0.068782117,0.055151725
Transition countries,CoC-convergence,Hydro,2035,1.5D,0.051363353,0.055776643,0.06239153,0.06239153,0.051363353
Transition countries,CoC-convergence,Hydro,2040,1.5D,0.047579285,0.051298784,0.056000943,0.056000943,0.047579285
Transition countries,CoC-convergence,Hydro,2045,1.5D,0.043790913,0.046820923,0.049610356,0.049610356,0.043790913
Transition countries,CoC-convergence,Hydro,2050,1.5D,0.04,0.04234307,0.04321977,0.04321977,0.04
Transition countries,CoC-convergence,Hydro,2055,1.5D,0.04,0.04234307,0.04321977,0.04321977,0.04
Transition countries,CoC-convergence,Hydro,2060,1.5D,0.04,0.04234307,0.04321977,0.04321977,0.04
Transition countries,CoC-convergence,Hydro,2065,1.5D,0.04,0.04234307,0.04321977,0.04321977,0.04
Transition countries,CoC-convergence,Hydro,2070,1.5D,0.04,0.04234307,0.04321977,0.04321977,0.04
Transition countries,CoC-convergence,Hydro,2075,1.5D,0.04,0.04234307,0.04321977,0.04321977,0.04
Transition countries,CoC-convergence,Hydro,2080,1.5D,0.04,0.04234307,0.04321977,0.04321977,0.04
Transition countries,CoC-convergence,Hydro,2085,1.5D,0.04,0.04234307,0.04321977,0.04321977,0.04
Transition countries,CoC-convergence,Hydro,2090,1.5D,0.04,0.04234307,0.04321977,0.04321977,0.04
Transition countries,CoC-convergence,Hydro,2095,1.5D,0.04,0.04234307,0.04321977,0.04321977,0.04
Transition countries,CoC-convergence,Hydro,2100,1.5D,0.04,0.04234307,0.04321977,0.04321977,0.04
Transition countries,CoC-convergence,Biomass,2020,1.5D,0.073881952,0.079652451,0.080119917,0.080119917,0.073881952
Transition countries,CoC-convergence,Biomass,2025,1.5D,0.0700651,0.076070156,0.080119917,0.080119917,0.0700651
Transition countries,CoC-convergence,Biomass,2030,1.5D,0.066251404,0.0715923,0.080119917,0.080119917,0.066251404
Transition countries,CoC-convergence,Biomass,2035,1.5D,0.0624374,0.067114442,0.07372933,0.07372933,0.0624374
Transition countries,CoC-convergence,Biomass,2040,1.5D,0.058630548,0.062636581,0.067338743,0.067338743,0.058630548
Transition countries,CoC-convergence,Biomass,2045,1.5D,0.054813696,0.058158722,0.060948156,0.060948156,0.054813696
Transition countries,CoC-convergence,Biomass,2050,1.5D,0.051,0.05368086,0.05455757,0.05455757,0.051
Transition countries,CoC-convergence,Biomass,2055,1.5D,0.051,0.05368086,0.05455757,0.05455757,0.051
Transition countries,CoC-convergence,Biomass,2060,1.5D,0.051,0.05368086,0.05455757,0.05455757,0.051
Transition countries,CoC-convergence,Biomass,2065,1.5D,0.051,0.05368086,0.05455757,0.05455757,0.051
Transition countries,CoC-convergence,Biomass,2070,1.5D,0.051,0.05368086,0.05455757,0.05455757,0.051
Transition countries,CoC-convergence,Biomass,2075,1.5D,0.051,0.05368086,0.05455757,0.05455757,0.051
Transition countries,CoC-convergence,Biomass,2080,1.5D,0.051,0.05368086,0.05455757,0.05455757,0.051
Transition countries,CoC-convergence,Biomass,2085,1.5D,0.051,0.05368086,0.05455757,0.05455757,0.051
Transition countries,CoC-convergence,Biomass,2090,1.5D,0.051,0.05368086,0.05455757,0.05455757,0.051
Transition countries,CoC-convergence,Biomass,2095,1.5D,0.051,0.05368086,0.05455757,0.05455757,0.051
Transition countries,CoC-convergence,Biomass,2100,1.5D,0.051,0.05368086,0.05455757,0.05455757,0.051